���,����,�۸�,����
101,��������,1500,��������+3�������ٶ�+1
102,����ľ��,1750,��������+3����������+1
103,��ҩ��,1250,������������+750�����ʱ������+750
104,��װȼ��,1500,���е����ٶȡ�97%
105,�黯ʥ��,5250,��ɱ6�����˺󣺹�������+60%���ٻ�ɱ���˺����������õı���
106,���ָ��,1750,ս����ʱ�����Ĺ̶�Ϊ120����
107,����֮��,3250,ʰȡ�챦ʯ���ڱ��������������+2%
108,��ɳ,5250,���е��˹�����84%
109,ǧ��˵�,1500,��ñ�ʯʱ������+35������ղ�Ʒʱ������+400
110,��ʽ������,5250,�˺�����+25%
111,����֮��,3500,��ɱ���˺�����+70
112,ǧ��Ѫ��,5500,��������+12%�����ʱ�������л�������ת��Ϊ��������
113,Ѫɫ����,1750,���ʱ������֮��+7
114,ֽ�ɻ�����ӥ��,6500,�����ٶ�+9���ٶȱ���+18%
115,�ſ����,4500,��������+12%
116,��������,4250,ÿ��ɱ10�����ˣ���ҵ����+1
117,��ɫ�����,2750,׷���˺�+10
118,����������,6750,��������+21��ս����ʼʱ�����չ������������������޵�2%
119,ȾѪ·��,2250,��Ѫƿ��Ч����155%
120,��������,1250,���ʱ�����ʴ�+1����ɽ��ҩ+1����ҵ����+1����������+1
121,���ƽ���,2750,��������+6�������ٶ�+2
122,���¸ֿ�,3250,������������+1000����������+10
123,����ĸֻ�����,3250,��ѪƿЧ����180%����ѪƿЧ����180%
124,����+30dB,5250,��������+33%���ٶȱ���-9%
125,����֮��,1750,�����������ޱ���+10%
126,�߲�ɳ��,3250,������������+1200�����ʱ������+1200����Ϣ����+5����Ϣ+30
127,�Ͼ�ʪ�ȼ�,2500,ʰȡ8����ʯ�󣺻�������+1
128,һ���Ծ�,3750,������������+1200����������+4����������+4�������ٶ�+2
129,����ˮ��ͷ,6250,�����ٶ�+100����������-50%
130,����ըҩ,1750,׷���˺�+34��׷������+34
131,�Ŵ��շ��Ż�,3500,ÿӵ��1���ղ�Ʒ��������������+0.4%��������������+0.4%
132,���Ͽ��,3250,���е����������ޡ�88%
133,��ѩ��֦,3500,����ʯ��Ч��+50%
134,�ƽ�,4250,��������-8����������+20%
135,�ƽ��ģ,3250,ʹ�ý��������ġ�80%�������ޣ�����2�㣩
136,���շ���,2250,��Ϣ����20%ʱ�����չ���+15%�����շ���+15%
137,ħ���ӵ�,3250,��ɱ���˺�����������е���ս����ʼʱ������������ʧ�����������޵�10%
138,����֮��,2750,��������-6����������-6����ɱ120�����˺�����Ч����Ϊ��������+15����������+15����ÿ����Ϸ��һ�Σ�
139,ͨ�ð׳���,4250,��������+7�����ó��ܵ������ٶ�-1
140,���֮���ѵ�,4500,��ɱ���˺󣺵�ǰ��ͼ�����е���ս����ʼʱ������-1%
141,�������,4750,���е����������ޡ�94%�����е��˹�����94%�����е��˷�����94%
142,���η���,5250,ÿ��ս���ֵ����˵�1�ֹ���
143,�������յĵ�,5250,ս����ʼʱ������������ʧ150%�����幥��
144,��12555��ʯ��,3750,���ʱ�����+555
145,����Ļ֮ǰ��,2250,��������-5����������+12����Ѫƿ��Ч����150%
146,���Ѽ��ٴ�,5500,����֮�Բ���ת��Ϊ�ٶȣ�����֮��ת�����������ԡ�1.35�����ʱ������֮��+2
147,�˼��ֽ,3750,������������+5000�����ʱ������+5000
148,�κ�,2250,���Ͳ㼶��ȶԵ������Ե�Ӱ��
149,����֮��,4500,�ߵ���״̬�²��ٽ��������˺������ʱ������+20
150,������ָ,4500,�͵���״̬�²������ӵ����˺������ʱ������-20
151,�Ŵ������,2250,��ҹ�����Ҫ���ж����90%
152,�㶾��,3250,������������+35%��׷���˺�+2
153,����֮��,4250,���е����������ޡ�85%
154,42�Ż�����,2500,��ɱ15�����˺���ɽ��ҩ+1
155,�γ��ǻ�,4250,��˵֮���ṩ�Ļ�������+2����˵֮���ṩ�Ļ�������+2����˵֮���ṩ�Ļ����ٶ�+1�����ʱ����˵֮��+1
156,���е�����,1750,�����µĲ㼶ʱ�����ĵ�ʱ�����2Сʱ���ظ�������������70%�����ʱ���ظ�����������
157,�������Ĺ⻷,5750,��������+11����������+11�������ٶ�+11
158,ǰ��֮��,5250,�״��ж�ֵ��ʱ������������ֵ����85%������ս���˺�����+60%
159,����,4250,ѪƿЧ����130%
160,����ˮ��,2250,��ɱһ�����˺󣺵�ͼ����һ���������ս����ʼʱ������������ʧ�����������޵�4%
161,�����¼,3750,ʰȡ����ʯ����Ϣ+1������+1
162,��ɫ�޺��,5500,���е��˷�����70%
163,ѪȾ���ӵ�,4750,��ɱ���˺���ս����ս�𣺱����Ʒ����+12����ɱ1�����˺���ս����ս������������棻
164,�����ܼ�,3500,��������+10�����е����������ޡ�94%
165,��̽����,1750,ʹ�õ��ʴ����������������ѡ���д���һ����+20�����ó���+20����˵����+20
166,����֮��,3500,��������+3����������+3�������µĲ㼶ʱ�������Ļ�����������+3�������Ļ�����������+3
167,���ǵ������,1250,��ɱ���˺���ʹ���˷�����������+105
168,������¯,4750,�齫��λ�п�λʱ����������+8%����������+8%
169,�ƻ��Գ���,4250,����δ������ĵ�ͼʱ������ƻ�4��ǽ��
170,߱��ذ��,4750,������Ϊʿ��������������ս���˺�����+100%
171,������ǩ,5250,�ղ�Ʒ�۸��75%
172,��ҩ����,2250,ʰȡ��Ѫƿ����ʱ����+1������-1
173,����,5500,��ɱ6�����˺󣺰�����˳����Ч������������+1����������+1�������ٶ�+1��������������+100�����+60
174,�ݻز�Ƭ,1750,�����ٶ�+2�������µĲ㼶ʱ�������Ļ����ٶȶ���+1
175,��ɫ����,3750,��������+7����������+5�������ٶ�+2
176,��������,2250,������ɫ�����ţ����ʱ������-15
177,��������,5250,��������+35%�����˱���+50%
178,����ͨ��,3250,�챦ʯЧ��+1
179,׷��,3250,�����ٶ�+1��ÿ��ɱ7�����ˣ���ʱ�ٶ�+1
180,����֮Ȫ,4250,ʰȡѪƿ����Ϣ+1
181,��������,2250,���ʱ������֮��+5����˵֮��+1
182,����ά��Դ��,3250,ʰȡ��ʯ�󣺴�˵����+6
183,��һ��,5250,ս����ʼʱ������������(����+����)���ڵ������(����+����)�����չ�����1.2�����շ�����1.2
184,�ɼ��Ĺ�,1500,���ʱ������+100
185,ո�µ���,3250,�����µĲ㼶ʱ�����ʴ�+1����ɽ��ҩ+1����ҵ����+1����������+1
186,��ɽ���,2250,ʹ����ɽ��ҩ�󣺽��+30
187,�Թ�֮Ը,5500,��ɱ���˺󣺱��������������+2%��������������+2%�������ޣ�110%��
188,��ɫ�ְ�,2500,��ɱ10�����˺󣺻�������+1
189,����֮��,3750,��������չ������ڵ������շ�����4��������ս���˺�����+100%
190,����ĺ�,1500,���ʱ������-100
191,Һ̬������ȡ��,2500,ʰȡ16����ʯ�󣺻����ٶ�+1
192,Ⱦī����,4250,ʰȡ��ʯ��Ѫƿ�󣺻�����������+1%�������ޣ�140%��
193,��ʮ��յ��,4750,��������+7����������+7�������ٶ�+7
194,���,1750,��ɱ���˺󣺱����Ʒ��������+15
195,����֮��,3500,ʹ������Ʒ�󣺻�������+1
196,����,6250,����ս��*r��rΪ�ҷ����շ�����������չ����ı�ֵ�������ޣ�75%��
197,�Ŵ��Ƽ�,5250,׷���˺�����20%������չ���
198,����,5500,���ʱ����˵֮��+4
199,������Ȫ,6250,�������ޱ���+18%����������+18%
200,΢�촩��,4250,��������+15�����������˺��������6%������չ���
201,�˼�֮ζ,5750,��ɱ���˺󣬰�˳���л�����������+25%����������+25%���ٶȱ���+25%
202,����֮��,4250,�����ٶ�+7
203,ʫ�ʸ踳��¼,5500,������������+15%�����չ���+10%
204,����֮��,6750,��������ʱ����ʱ���Բ�����գ���Ϊ����20%
205,��Ѫħ��,5250,���ܽ��͵�ǰ������8%�����չ���������ǰ������4%
206,��·����,5750,ÿ��һ������Ʒ������Ϊ0����������+6%����������+6%���ٶȱ���+6%
207,��ɬ�ĸ�,1750,��������+2500�����ʱ������-900����������
208,��ʤ����,4250,�����µĲ㼶ʱ����Ұ����ˢ�´���+1
209,�������,6750,���ʱ����������������Ϊ�������ֵ
210,Ũ����ˮ,3250,ʰȡ10��Ѫƿ�󣺻�������+250��
211,����֮��,3750,������������+28%��������������+28%
212,��ɽ����,2750,����δ������ĵ�ͼʱ��һ���������ս����ʼʱ��ʧ5%��������������ظ�6��
213,��ҹ�µ�,1500,����֮��ת���Ĺ���+25%������֮��ת��Ϊ�����󣺵���-1
214,����ֵ�Ͳ,2750,�����ٶȱ���+20%
215,���ղ�Ѫ,4750,��ɱ���˺���ʹ���˽�����������������+6%�������ޣ�120%��
216,������Һ,2250,���ҵ�����ɵ��˺���0.5
217,����֮Ӱ,6500,�챦ʯЧ��+1������ʯЧ��+1���Ʊ�ʯЧ��+1
218,��������,4250,�ղ�Ʒ��ѡһ��Ϊ��ѡһ
219,�漣��¼��,1250,������������+400����������+1����������+1�������ٶ�+1
220,��ҹ����,3500,�˺�����+55%�����˱���+55%�����ʱ������-20
221,���ݵ�,1250,ʹ�õ���֮�Ժ���ʱ��������+150
222,��ʵ����,2500,���ʱ������+20�����+200������֮��+2
223,��·����,3250,������Ϊ���죺����ս���˺�����+35%
224,��������֮��,2750,ս����ʼʱ���������������85%�����չ�����120%
225,��Ч����,6500,����ս���90%��׷���˺�����10%�������չ���
226,ǧ��Ӽ�,4250,ս����ʼʱ�������һ����ٶȳ��Բ������ж���
227,����,2500,����ղ�Ʒʱ��������������+200������+200
228,�����䱦,2750,��Ʒ����+7����Ʒ����+7���ڱ�����Ϸ��ÿͨ��һ�㣺�����Ĳ�Ʒ�������Ʒ��������+7
229,����̼ˮ,3250,������������+8000�������ٶ�-4�����ʱ������+4000
230,��ɫ��ǹ,3250,��������+4��ÿ����1���齫����������+4%
231,�����ֲ�,6250,��ɱ18�����˺󣺻�����������+3%��������������+3%
232,Ǧ������,5500,�����׻��Ʒ�׸��ߵ��ղ�Ʒ
233,���̵�,4250,ÿӵ��1�����ʴ���������������+3%�����ʱ�����ʴ�+3
234,�����Ӱ,1250,���ʱ�������Ϊ50
235,�ڶ����̻���,2750,������������+32%
236,����ȼ��,2750,��ɱ���˺��ڱ������е�����������-0.1%�����ޣ�15%��
237,����֮��,4750,ʹ�õ��ʴ����ƻ������Χ5��5��ǽ��
238,������,2250,������ɫ�����ţ����ʱ������+15
239,����¯��,5500,���չ���������ǰ������1%
240,����ʱ��,1750,������ΪѪ�꣬ʰȡ��Ѫƿ�󣺹���+3��������ΪѪ�꣬ʰȡ��Ѫƿ�󣺷���+3
241,��ɱ�̵�,2750,���˹�����Ҫ���ж����110%
242,����������,3500,ʰȡ4����ʯ�󣺱�ʯ��Ч����200%����ʰȡ1����ʯ���Ƴ���������
243,�Ŵ����,4500,�챦ʯЧ��+2������ʯЧ��+2���Ʊ�ʯЧ��+1�����е��˹�����106%�����е��˷�����106%�����е����ٶȡ�106%
244,�԰��߲�,5750,ʰȡ10����ʯ�󣺵���֮��+1�����ʱ������+10
245,�ϲ��Ƭ,4500,��������+7����ɱ4�����˺󣺲�Ʒ����+1
246,ʮ������,5250,��������+13�����շ���+13%
247,��ʽ����,6250,��������+20���˺�����+20%
248,��������,4250,������������+10~30%��������������+10~30%�������ٶȱ���+10~30%�����ڻ�ò�Ʒʱ�����ȡ��
249,�����䵶,4250,����������30%���˺�����+50%
250,ѳ��,2750,��������+16����������+16�������������ޱ���-30%
251,������,5250,�ٶȱ���+8%�����е����ٶȡ�92%
252,�������,5500,ʹ�ô�˵֮�Ժ󣺵���֮��+3
253,���ʯ����,4500,��������+10�����չ�������10%���������
254,����֮��,3750,��������-15%�����е��˷�����60%�����ʱ������-15
255,���������ֽ�,6250,���ʱ������֮�Եĳ�����������Ϊ20
256,�ռ��۵�����,5250,ս����ʼʱ����������ٶ��������������ٶ�12%��Ȼ����������ٶȡ�88%
257,����֮��,4250,���˵���ĳ��ܡ�70%�����˵���Ľ�ҡ�150%
258,ĩ��ë��,2500,��û������Ʒ��ѪƿЧ����200%
259,�������,3500,������ΪѪ����꣺��������+12%����������+12%���ٶȱ���+12%
260,�Ŵ�������,4500,ÿӵ��1���ղ�Ʒ���˺�����+0.7%
261,����굶,4500,�����µĲ㼶ʱ����ʧ������50%����������ʽÿ��ʧ10���������+1
262,���ط���,3500,�����ٶ�+4�������ٶȱ���+4%���ٶȱ���+4%
263,̿������,2250,���˵��Ƽ׼��ܴ�͸��ҵķ������٣����ʱ������-15��
264,���翨��,2500,�齫�Ʊ��滻�󣺻�������+7
265,��ˮ����,2750,ʰȡ1��Ѫƿ��ս����ʼʱ������������ʧ100�㣻��ɱ���˺��Ƴ�����������
266,����ģ��,5250,ʰȡ���ʴ�ʱ�����ʴ�����+1��ʰȡ��ҵ����ʱ����ҵ���ɶ���+1
267,���Ķ�,5250,��������50%������չ�������������50%������շ���
268,����֮ī,5250,�״��ж�ֵ��ʱ����������������75%������ս���40%
269,ȼ�յ���,2750,�˺�����+20%�����˱���+10%
270,̮���ű�,4250,���е����ٶȡ�75%��ս����ʼʱ������ж��㽵��100
271,���޽���,5500,��ɱ���˺����е���ս����ʼʱ�����շ���-1
272,Ѫɫ��ī,2750,��ɱ���˺󣺱�������ս����ʼʱ��������ʧ15
273,�綾��ɢ,5500,�����µĲ㼶ʱ����ʧ������Ϣ�����ޣ�120������������ʽÿ��ʧ3��Ϣ���������е��˹���-1%���������е��˷���-1%
274,˼ά������,2750,�����˲������죺�����������ޡ�105%�����˹�����105%�����˷�����105%�������������죺�����������ޡ�85%�����˹�����85%�����˷�����85%
275,��˹����,4750,ͨ���㼶�Ľ�����������һ����ͨ�ղ�Ʒ��
276,��ɫ�д�,1500,ʹ������Ʒ�󣺴�˵����+20
277,ӿ������,5250,�챦ʯЧ��+3��ʰȡ�챦ʯ���ܵ�1�������˺�
278,�����λ�,3250,�����µĲ㼶ʱ��������������+1500
279,�޿��赲�ĳ�ˮ,6750,��ɱ5�����˺󣺱��㹥������+1%�������������+1%�������ޣ�50%��
280,���޾���,4250,׷���˺�������50%������չ���-100%�������շ������������ޣ�0��
281,���ڱ�ʶ,4500,�Ʊ�ʯЧ��+1
282,ѹ�����,4500,����ʯЧ��+1������֮��ת���ķ���+25%����˵֮��ת���ķ���+1�����ʱ������+15
283,��а,3250,������Ϊ���ã�����ս���˺�����+100%
284,�Ϲ�Ԫ��,3500,���չ�������5%��������������շ�������5%�����幥��
285,ʱ�佮��,1750,��Ѫ���뱩��������Ϊ���ƣ�ÿ���µ�һ������Ϊ���ƣ���������+2
286,����Ư��,2750,������Ϊ���ջ�ᾧ���˺�����+30%
287,��������,5750,�����˺����ᳬ��սǰ����ֵ��7%������Ч������ʱ���������˺�С��100�������˺�Ϊ100
288,������ת,1250,���ʱ��������������
289,��ҵ����ҩˮ,2750,ÿ��ɱ1�����ˣ������ѪƿЧ��+2%�������ޣ�200%��
290,��ɽ֮��,6500,��������+30%
291,�������ı���,5250,���˹�����Ҫ���ж�������100%��������ٶ�
292,��������,2500,�����µ�һ��ʱ����������+1����������+1�������ٶ�+1
293,����̨��,3250,ʰȡ����ʯ�󣺱��������������+2%
294,΢��֤��,5250,��˵֮���ṩ�Ļ�����������2����Ӧѡ��ȼ�����˵֮���ṩ�Ļ�����������2����Ӧѡ��ȼ�
295,�᳹�Ž�ķ�,1750,��ɳ�������ٽ����ҷ��˺���ʴ�������������ӵз��˺�
296,�հ���Ƭ,2500,ʹ���齫�ƺ󣺻�������+4
389,�����ӡ�,4750,��ͬʱ�����˽������������ÿ�ֹ����������1���˺�
394,��ˮ֮��,2750,ʹ�õ���֮��ת��Ϊ����ֵ�󣺱�����ʱ��������+400
395,һ��Ͱ��,6500,���ʱ��������������0.3%������������
397,ʧЧ¼���,3250,����ս���93%
398,����֮��,3500,���������ǡ��Ϊ13�ı������˺�����+34%�����˱���-34%
399,����֮��,6250,��ɱ���˺���X����3+��ǰ��������ɱ����󣺻��X��ң������µĲ㼶ʱ����XΪ0
400,����֮��,5250,��ɱ���˺�ʹ���������е����е������չ���-8%
401,��һ����,4500,��Ѫƿ�Ļ�׼ֵ��Ϊ300����Ѫƿ�Ļ�׼ֵ��Ϊ300����Ѫƿ�Ļ�׼ֵ��Ϊ300����Ѫƿ�Ļ�׼ֵ��Ϊ300
402,�����ܷŴ���,2750,��Ʒ�������������ٶȵ�ƽ������������ı�ֵ��������ʱ�����������Ϊ1���������ޣ�500��������
403,�޽�ʫ��,2750,��˵���ܵ������ٶ�-10
404,����֮��,3500,ʰȡѪƿ����ʱ����+1
405,�������,4250,�����µĲ㼶ʱ����������+30%����ɱ���˺󣺹�������-2%����ÿ�����ഥ��15�Σ�
407,����֮��,2500,����֮��ת��������+50%
408,����֮��,3250,�����µĲ㼶ʱ����ǰ����ÿ���������������160���ֵ����ʱ����+1
409,Ѫɫ֮��,4500,������������+2000����ɱ���˺󣺻�����������+16
410,������ĭ,4750,Ѫƿ��Ч����100%��ʰȡˮ����ʹ����Ч��+2%
411,��������,4250,��ɱ200�����˺�����ʯЧ��+1
412,�׼�ذ��,5750,Ѫƿ���X��ظ������챦ʯЧ��+1����������Ч������X����7500����X��ֵΪ7500��
413,��λ����,2750,��������+12����������-4%
414,΢��֮��,5250,������������+800 ��������+4����������+4 �����ٶ�+2�����ʱ����Ϣ����+5 ���+200�����ʴ�+1 ��ɽ��ҩ+1 ��ҵ����+1 ��������+1������֮��+2 ��˵֮��+1
415,���������ǡ�,2750,Я���ò�Ʒͨ����Ϸʱ����һ����Ϸ��ʼʱ�����һ�������3~6���ղ�Ʒ
424,Զ����ˮ,4250,�����µĲ㼶ʱ����Ϣ+60
425,����ըҩ,2750,ʹ����ɽ��ҩ���������Χ5��5��Χ�ڵ���ս����ʼʱ��ʧ5%�����������
426,����ʯש,1500,ʰȡ��ҹ֮�������+500
427,��ʥ֮��,3750,����Ϊ100ʱ������ս���72%
428,��ȱ�ĺ���,3250,�����ٶ�+4��ʹ��8������Ʒ�󣺻����ٶ�+1
429,�ƻ賤��,2250,����δ������ĵ�ͼʱ��ʹһ��������������ٶ�-10%���ظ�2��
430,ָ·��,5500,ÿʹ��8�ν����������������챦ʯЧ��+1
431,��������,3750,��Ұ���̳��۵���Ʒ����+2
432,�濨ǡ������,6750,ÿʹ��8������֮�ԣ�����챦ʯЧ��+1����������ʯЧ��+1������Ʊ�ʯЧ��+1
434,����֮Ѫ,5750,�챦ʯЧ��+2��ʰȡ��Ѫƿ����ʱ����+1
435,������ˮ,2750,�����ٶ�+2��ʹ�ý�����������ʱ�ٶ�+2��
436,�˰�����,2750,��ɱ���˺󣺱������շ���+1
437,��·ģ��,4750,�����������ޱ���+15%��������������+15%��������������+15%�������ٶȱ���+15%
438,��λ֮��,4750,��ɱ����󣺱����������ޱ���+30%����������+20%���������ӣ�
439,̽��,2750,ʹ�ô�˵֮�Ժ󣺽��+100
440,��ĩ����,1250,��Ʒ��������������ǰ������400��
441,��λͿ��,2750,ʰȡ��ʯ����ʱ��������+40
442,����֮��,5500,������Ϊ��ɳ��ʴ�磺��ʯ��Ч����2
444,��ɫ���,2750,ʰȡ�챦ʯ���Ѫƿ�󣺱�������ս��-0.2%�����ޣ�12%��
445,���ƻ����,1500,���ᾧת��ΪѪ�꣬������ת��Ϊ���ꣻÿ���µ�һ������ΪѪ����꣺����-10
446,�ɺ�֮��,5750,����Ϊ0ʱ��ʹ�ý��������ġ�50%�������ޣ�����5�㣩
447,���ȼ�,2500,��ɽ��ҩ�����ƻ�ǽ��
448,�����ʹ�,4750,��ɱ2����е�󣺵��ʴ�+1
449,��������,3250,�����µĲ㼶ʱ�����齫���п�λ��������һ���齫
450,ע��������,5250,��������20%ʱ���˺�����+33%������ս���67%
451,������,2500,���ʱ������������ֻ������ԣ�����δ�������Ļ�������
452,ʧ�µ�ɡ,3250,��Ʒ�ٶ�+5���������50ʱ������ÿ��50��5���ֵ����Ʒ�ٶȶ���+1�����ʱ������-20
454,������ʯ,3250,������չ�������50%�������ٶ�
455,ҹ��֮��,4750,��ɱ35��ʷ��ķ�󣺺챦ʯЧ��+1������ʯЧ��+1
456,īȾ��ˮ,4250,�������������ڻ�����������������+12%���������������ڻ�����������������+12%
457,Ǳ��֮��,3750,��ɱ���˺���ʹ���˷���������ʱ����+8
458,����֮��,5500,����֮���ṩ�Ĺ���+40%������֮���ṩ�ķ���+40%������֮���ṩ���ٶ�+40%
459,�԰�֮Ѫ,1750,���ｵ��ʱ�����⽵�͵�������
460,��;֮��,6250,�����µĲ㼶ʱ����������һ����ͨ���䣻���㼶�������ղ㼶����������һ�����䷿��
461,���̺���,2750,����������������8%�����
462,��ǰҹ֮��,2500,�ٶȱ���+5%������ͨ����λ����ĵ�·
464,ǧ�꺮��,4500,�����������ޱ���+50%
465,����֮��,3500,ÿӵ��1�����ʴ�����ɽ��ҩ�����չ���+10
466,�޽�д�,4500,�����������ޱ���+45%����û������Ʒ�������������ޱ��ʶ���+45%
467,�ǽ�����,2750,�����µ�һ��ʱ������ѡ��������Ϊ����
468,���汦ʯ�⾵,1750,��������ʱ������������������
469,��ҹ֮��,6500,ʰȡ��ҹ֮��ʱ��������1����ҹ֮��
470,�ɺ�ɳ©,2250,�����µ�һ��ʱ��������������+500�������ٶ�+1������-5
471,���Ӷ���,5500,ս����ʼʱ��������չ��������������չ���8%��Ȼ��������չ�����92%
472,II���ж�,1500,�����µĲ㼶ʱ�����1���챦ʯ�����1������ʯ�����1���Ʊ�ʯ
474,�⾰֮¯,5250,������������+1500�������������ޱ���+15%���������ޱ���+15%
475,�ִ���Ϣ,3250,��ɱ3�����˺���Ϣ+1
476,����Ͱ,5250,�ٶȱ���+16%
477,����֮��,1500,����δ������ĵ�ͼʱ����ͼ��ÿ��4�����ˣ���ʱ����+1
478,����ĵ�,4750,������17:50-18:10����������+180%
479,��������,3500,�챦ʯЧ��-1������ʯЧ��+2����������+10%
480,���ɼ�ʱ��,3250,��ɱ24�����˺󣬻�������15�������������ٻ�ɱ1�����˺��Ƴ���������
481,��ɫԿ��,3750,��������45��55֮�䣺������ɫ�����ɫ�š�
482,��ҹ���,6250,����Ϊ100ʱ������֮�Խ���ͬʱת��Ϊȫ���ĸ�ѡ��
484,��������,2250,��ɱ���ú���ʱ��������+250������+250
485,�������,5250,��ս�𳬹������ķ��������ս���󣺲��������������ޱ���-25%����������+25%����������+25%���ظ�10%��������ÿ����Ϸ��1�Σ�
486,���ջ���,2500,������Ϊ��ɳ��ʴ�磺���˱���-23%
487,����ģ��,3500,ս����ʼʱ��������չ�������12%�����幥����������չ�������12%������幥�����������չ�������12%������幥�����������չ�������12%�����幥��
488,�ǿ����,6500,������չ�������10%�����幥����������շ�������10%�������������������ٶ�����10%�������ٶ�
489,����֮��,5250,���ʱ����������ڵ���50����������+20%�����ʱ��������С�ڵ���50����������+20%
490,����֮��,3500,�����µĲ㼶ʱ�����2����ҹ֮��
491,���֮��,3500,ʰȡ��ҹ֮��ʱ�����+50
492,����ʮ�Ű�ɡ,6250,���ʱ������֮��+39�����+39������+39
494,�ƽ�����,4500,ÿӵ��5��ң�����+1
495,������ƽ,6500,�������ޱ���+12% ��������+12%����������+12% �ٶȱ���+12%����400��������=4����=4����=1�ٶȵı���ƽ����������������޹����������ٶ�
496,��ɫ����,4250,�����µĲ㼶ʱ�������������ޱ���-8%��������������+40%
497,��еɥ��,3250,������23:00-01:00���˺�����+100%
498,�����ĺɰ���,5250,������������+1500����ɱ���˺���ʹ���˽�����������������+100�����ʱ������+3000
499,��������,3500,�����µĲ㼶ʱ����ʱ����+15����ʱ����+15�������µĲ㼶ʱ��ÿӵ��60��ң���ʱ��������+1����ʱ��������+1
500,��ʯ�̵�,4500,ʰȡ�챦ʯ����ʱ����+1��ʰȡ����ʯ����ʱ����+1��ʰȡ�Ʊ�ʯ����ʱ����+1����ʱ����+1
501,���ƹذ�,2250,�������幥�����ڵ���������������ս����ҹ�����Ҫ���ж����50%
502,����,3500,�����µ�һ��ʱ���ظ�50%����
509,����ֹ�,4500,�������20ʱ���챦ʯЧ��+1������ʯЧ��+1
510,�������,5500,���ʱ����������+2����������������+2������
511,���޼з�,3750,���ｵ��ʱ����ʱ����+4
512,����֮Ը,3750,ս����ʼʱ������������ʧ12%������������
513,�ƽ�ë��,6250,��ɱ���˺󣺽��+3�����ʱ����ҡ�2
514,������,5250,���ʱ�������н��ת��Ϊ���ó����봫˵���ܡ�
515,��ɽ֮��,2750,ÿӵ��1����ɽ��ҩ������ս��-1%�����ޣ�50%��
516,��������,4500,ʹ�õ��ʴ��󣺹�ҵ����+1��ʹ�ù�ҵ���ɺ���ʱ����+6��
517,��������,1750,����ֻ��һ����ɽ��ҩ��ʹ����ɽ��ҩ�������Խ�ɫΪ���ĵ�5��5��Χ�ĵ���
518,ħ������,4250,ʹ�ý�����������1��ս����ս���60%��������ʱ��ɵ��ӣ�
519,��������,3750,Ѫƿ��Ч����100%��ÿ����1����������������Ч��+3%
520,����ʹ��Ƽ�,2500,��������������������Ʒ������ƽ��ֵ������λ��1%��
521,��С�Ļ�,4500,�����²㼶ʱ����û�е���֮�ԣ��ڱ��㹥������+16%���ڱ����ٶȱ���+8%����ʱ����+32����ʱ����+32����ʱ�ٶ�+16
522,�Ӵ������ĵ���,4250,�����²㼶ʱ������֮��+2�������²㼶ʱ��������֮��С��10������֮�Զ���+3
523,��һλ���ˡ�,5250,ʹ��7������֮�Ժ󣺵���֮�������������ԣ���ʹ��1������֮�Ժ��Ƴ���������
524,���ձ�Ե,3750,���ʱ��ʧȥ��������Ʒ��������ʧȥ����Ʒ�����ͽ���ת��Ϊ400/2/2/1�������������/����/����/�ٶ�
525,�绯��֦,2750,������40��60֮��ʱ������ʯЧ��+3
526,�񽣺���,2500,ʰȡ8����ʯ�󣺻�������+1
527,��Եդ�ͳ�ЧӦ��,4500,���ó��ܵ������ٶ�-1����˵���ܵ������ٶ�-10
528,��ʪ֧Ʊ,5500,�����µĲ㼶ʱ���������+100%�����ޣ�3000��
529,���յķ�,2500,��������
530,����֮��,4750,���ʱ�������еĵ���֮����1:1%�ı���ת��Ϊ��������
531,������,5250,׷���˺�����15%��ҵ����շ���
532,������,5250,ʹ���̵� ����ܼ� ����ֽ������ж����ṩ����ֵ�Ķ�Ӧ���Ա���
534,����֮��,3500,������Ϊ���ã������������ޡ�80%�����˹�����80%�����˷�����80%�������ٶȡ�80%
535,����֮��,3500,��ɱ���˺���ʹ���˽�������ʱ����+3����ɱ���˺���ʹ���˷���������ʱ����+3
536,�԰׺�ɳ,3750,����δ������ĵ�ͼʱ���ظ�10%����
537,����֮ɫ,6500,���ʱ������֮�ԡ�2
538,�޽�֮��,6250,�������չ�������10%�����幥�����������շ�������10%���������
539,��ȫ����,3250,���ʱ����˵֮�Ե��ĸ�ѡ�������3���ȼ�
540,Сʯī��,3750,��������+3%����������+3%���������ޱ���+3%���ٶȱ���+3%
541,����,4750,�ܵ������˺��󣺱����Ʒ����+2�������ޣ�1000��
542,տ��֮��,4750,ʹ�õ���֮�Ժ���Ϣ+2
544,ͭ�Ʊ���,4750,���ʱ�������н����80��1�ı���ת��Ϊ��������
545,�׽��Ա��,2750,�����µĲ㼶ʱ������������ڵ�ǰ�㼶����600������Ұ����ˢ�´���+2
546,һ�����,3500,��Ұ�����ۿ�ʱ��ˢ�£�ÿ����Ϸ��6�Σ�
547,�����Ǿ�,3250,�����µĲ㼶ʱ�����10�������ʯ
548,�����˹��Һ��,5250,�����µĲ㼶ʱ�������ʱ���������Ľ�ң������ʱ���������Ľ�ң������ʱ�ٶ������Ľ��
549,��âɢ��,3500,׷���˺���������֮������
550,�ٷ�֮һ����֮��,4500,ʹ�ô�˵֮�Ժ���Ϣ����+2
551,��ʧ��ҹ���Ź�,6500,���ʱ������˵֮�Գ�����������Ϊ210
552,ǰ������,6250,ͨ�����ܻ�õ���֮��ʱ����������+2
554,���ӿ��,3500,���иò�Ʒͨ��2���㼶��ʧȥ�ò�Ʒ�����һ�����6���ղ�Ʒ
555,��ҹ֮Ӱ,6250,ʹ�������ƺ󣺶���ʹ��һ��
556,���ȶ�ϵͳ,3500,���﷢������ʱ����ʱ�ٶ�+1
557,�԰׵�о,3250,��������ʱ����ʱ��������+500������+250
558,����֮��,5750,�����˲��������ҵ��˲��ǻ�е�����������Ϊ�������е
559,��Ԫ����,5750,�������ǻ�е�����˵����շ�������90%����������
560,�޽�����,6750,����С�ڵ���30ʱ�����л�ɱ���˺�Ч�����ⴥ��1��
561,ɽ���ģ��,4500,�����˲������죺�����������ޡ�112%�����˹�����112%�����˷�����112%�������ٶȡ�112%�����˵���ĳ��ܡ�200%
562,����ʾ����,6750,ÿӵ��1���ղ�Ʒ�������ٶ�+1�������ٶȱ���+1%
569,��ȥ�Ľ���֮��,3250,���˵���ĳ��ܡ�125%
570,����ȥ֮��,2750,��������+12����������-5����Ѫƿ��Ч����150%
571,������ת�Ļ���,5555,��������+12����������+5�������ٶ�+5�����ʱ����Ϣ����+5
572,����ѩ��,4250,����Ϊ50ʱ������ս���30%
573,����ֽ,4250,ÿӵ��1������������������������+3%�����ʱ����������+3
579,���ϵ���,2750,�������80ʱ������ʯЧ��+2
580,�������ʱ����,4750,��������+24%����������+24%�������µ�һ��ʱ����������-6%����������-6%�������ഥ��4�Σ�
581,������,2750,���ʱ������������������0.18��������������������15��
582,�մɿ̵�,6500,����齫��ʱ������һ�齫��λ�ǿ�λ������һ����ͬ���齫
583,����ܼ�,4250,ÿӵ��1����ɽ��ҩ�������ٶȱ���+2%�����ʱ����ɽ��ҩ+3
589,ǿ������,6500,�����µĲ㼶ʱ����˵֮��+1�������µĲ㼶ʱ����û�д�˵֮�ԣ���˵֮�Զ���+1
590,�Ͼ���Լ,2250,���ʱ����1:25������֮��ת��Ϊ��ң���1:300�ı�������˵֮��ת��Ϊ���
591,��ұ���,3250,ʹ����ɽ��ҩ�󣺽�������+1��ʹ�ý�����������Ϣ+3
592,��Դ����,5250,��幥��������ڻ���������1.6����������������ڻ���������1.6��������ٶȲ�����ڻ����ٶȵ�1.6��
593,������,4250,ÿӵ��1����ҵ���ɣ������������ޱ���+4%�����ʱ����ҵ����+3
599,�ݽߵ���,5500,������������+75%��ʰȡѪƿ�󣬱��������������-1%����ÿ�����ഥ��75�Σ�
600,ʯīȼ��,5500,������չ�������x%�����幥����������շ�������x%�������������������ٶ�����x%�������ٶȣ���xΪ����ʧ�����ٷֱȵ�0.1����
601,����֦��,4250,Ѫƿ��Ч����80%�����е����������ޡ�80%
602,���һ��,1750,���ʱ������������������7.4����������������������������7.4����������
603,�ع�,4500,����ͨ�������ͼ�̻�õĶ��������ֵ���������ԭ��ֵ��0.6��������ͨ�������õĶ���������ֵ������������ֵ��0.5��
609,��������,3750,������ڵ���80ʱ�������������ġ�65%�����ޣ�����4�㣩
610,�ȼ�,1250,����Ϊ50ʱ�������²㼶��ս����������ʱ��
611,�������,6250,������20-80֮��ʱ��������������x%����x = 30 - ��ǰ������50����ľ���ֵ��
612,΢��֮��,6750,Ѫƿ��Ч����115%�����е����������ޡ�95% ���е��˹�����95%�����е��˷�����95% ���е����ٶȡ�95%�����˱���-5%��������չ�������5%�����幥����������շ�������5%�������������������ٶ�����5%�������ٶ�
613,��ʴ�׻�ʯ,3250,������Ϊ���ã����������Ϊʷ��ķ������������ʿ������е����ʦ
619,�������Դ��,2750,ʰȡ��ʯ�󣺵��ó���+4��ʰȡ��ʯ����û�е���֮�ԣ����ó��ܶ���+6
620,�ۻ���˿,4500,����ǽ�������Ϊ0���챦ʯЧ��+3������ҵ���ɵ�����Ϊ0������ʯЧ��+3
621,�Ĳ���ĩ,3500,�����µĲ㼶ʱ����Ѫ��δ���������ٶȱ���+15%
622,��ĩ�����,5250,ÿӵ��3���ղ�Ʒ����������+1%���������ޱ���+1%
623,�����ֻ�,5750,��������ʱ������������������5%��ʱ�������ޣ�������������5%��ʱ������������������5%��ʱ�����������ٶ�����5%��ʱ�ٶ�
629,�⹤�ָ�,4750,����֮��ת�����ٶ�+100%
630,��̬��ԭ��,2500,������Ϊ���죺����ս���˺�����+50%����ɱ���˺󣺱�����������-2%����ÿ�����ഥ��50�Σ�
631,���ʻ���,3250,��ҹ�����Ҫ���ж����75%�����˹�����Ҫ���ж����80%
632,��Я�����,1750,ʰȡ��ʯ�󣺽��+2
633,����֮Ը,6500,��ɱ����󣺱��㻤������10%�������������
639,��ˮһս,3750,����֮�Ե�����С�ڵ���5����ʹ�õ���֮��ʱ�����ӵ�������2
640,�Ǵ�,2750,��ɱ���ú󣺱����ٶȱ���+1%�������������ޱ���-1%
641,�о��߽�,4750,����+250%����ɱ���˺���������-2%����ɱ����󣺱����������治�ٻ���Ϊ��ɱ���˽���
642,����֮��,5500,��ɱ100�����˺󣺸���1��λ���齫��2��λ
643,�ɷ���Դ,5250,ս����ʼ�󣺸��������幥����������չ�����1.5���������������������շ�����1.5�������������ٶȵ���������ٶȡ�1.5
649,������ͼ,4250,ˮ���ظ�����Ϣ+3�����ʱ����Ϣ����+30���ղ�Ʒ�����ӡ��������ڱ���̽��;��
650,��������,5750,ʹ������Ʒ�󣺻ظ�7%��Ϣ
651,�����ǵ�ʱ����,3250,�������˺�����10%������շ�����ħ�����˺�����10%������շ���
652,��Ѫ,2750,ս����ʼʱ���������������85%�����շ�����120%
653,�����յ,3750,ʰȡˮ������Ϣ����+1
659,������Ƭ,4500,ʰȡ12����ʯ�󣺴�˵֮�Ե�1�������Ŀ����1���ȼ�
660,����֮��,4250,��ɱ���˺�����Ϣ����2������2��Ϣ����õ�ǰ������2�Ľ�ң���õ�ǰ������2�ĳ���
661,δ��֮־,3250,������������+x%����xΪ��ǰ��Ϣ����Ϣ���޵Ĳ�ֵ��
662,��ɫ�޺��,2250,ʹ�ô�˵֮�Ժ󣺲����ö�Ӧѡ��ĵȼ������Ͷ�Ӧѡ��2���ȼ�
663,��ӡ��Ͱ,5250,���ʱ�����ʴ�+15����ɽ��ҩ+15
669,����֮ѩ,1500,�������50ʱ�����е���ı��Ϊ���ͣ�����С��50ʱ�����е���ı��Ϊ����
670,�����ͭ,4250,�Եͼ۹��򵽸�Ʒ�׵��ղ�Ʒ�ĸ��ʴ������
671,��ö���,4500,��ҹ�䣬��������ʿ�������������˵���Ľ�ҡ�160%
672,���ղ�ԫ,4500,ʰȡ�챦ʯʱ����25%�ĸ����ٻ���൱��һ��ͬ���ͻƱ�ʯ����ʱ�ٶȣ���û������Ʒ����������������100%
673,�������,6250,��ɱ�������ʧһ������ֵ����������+X����������+X�������ٶ�+X����XΪ��ʧ������0.75�η���0.01����
679,Ͱװ��ҵ�ƾ�,4500,ˮ��ÿ���15��ظ�������������+2%
680,��ͨ�˲�,5250,������ڵ���50ʱ���Ʊ�ʯ��Ч��+2������С�ڵ���50ʱ��ˮ���ظ�����Ϣ+7
681,��һ���޽硱,1750,�����������Ч���������15��
682,΢��֮ӡ,5750,ʰȡ29����ʯ��ʰȡ�ı�ʯ��Ϊ�ṩ�������ԣ���ʰȡ1����ʯ���Ƴ���������Ч��
683,����֮��,6250,�����µĲ㼶ʱ������֮��+X����˵֮��+Y����XΪ��һ����б���Ʒʱʹ�õĵ���֮��������1/3������YΪ��һ����б���Ʒʱʹ�õĴ�˵֮��������1/3��
689,�������,4500,�����µĲ㼶ʱ������ѡ�񼾽�
690,������ҹ,5250,�����������޴���20000ʱ����������+9%����������+9%���ٶȱ���+9%�������������޸���20000�Ĳ��֣�ÿ��2500�㣺��������+1%����������+1%���ٶȱ���+1%
691,���״���������,4750,��������+10��ÿ��һ������Ʒ������Ϊ0��������������+15
692,���δ������,3500,���ʱ��ʧȥ25%����ʱ���ԣ�����2���µĲ㼶�󣺽�����ʧȥ�����Ա�Ϊ�������Է��������ഥ��1�Σ�
693,������γ,4500,�����ϵ��齫����8�ֻ���
694,���֮��,4500,��ʱ�������޲����ٱ�����
695,������,6250,ʹ������ʱ������ʹ��һ��
696,��λ�໨,6500,����������������Ϊ0��R�����Լ����������������Ĵ���Ч����R�����ᴥ��ʹ������Ʒ���κ�Ч��
697,�ֽ���,3750,��������-2��������������-10%����������-10%��������շ�������30%���������
698,����촻�,4750,��ɱ���˺���ս��Ϊ0����Ʒ����+1
699,������Ƶ��,3250,���ʱ����������������100-���*0.18�������ٶ�������100-���*0.09
720,����������,3250,��ս�𳬹������ķ��������ս��ʱ�����������ж�ս�����ظ�������������ÿ����Ϸ��1�Σ�
721,����Ĳ���֮ҩ,5250,���������ٶȵ���X��������ΪX�����������ٶȸ���X����X��Ϊ�������ٶȣ���X��ֵΪ0��
722,��ʿ���Ź�,4750,�����µĲ㼶ʱ����������+150%����������+50%�������ɵ��ӣ����ܵ�1200ս���ʧȥ�����ӳ�
723,��������ɫȾ��,3250,��ɱʷ��ķ�󣺻��1������ʯ��1����Ѫƿ
724,�����޸�,4500,��ս���ڼ�������ս�����ͻ���ǰ��������������޵�10%������ս���0.6
725,��������������,3750,ʹ�ô�˵֮�Ժ���ѡ�����Ŀ�ȼ�С��2��ʹ����ѡ���������1���ȼ�
726,ʧЧ�Ŀڿ�����,3250,�ܵ������˺�����1��ս�����������ٶȡ�85%�����ɵ��ӣ�
727,����;���յ㡱,4250,���е��˵����ҡ�1.15�����е��˵���ĳ���*1.15�������µĲ㼶ʱ��������һ����ͨ����
728,���ڵ���,6250,ʹ��Ͳ����ʱ������ʹ��һ��
729,�����⾵,2750,�ܵ�����򼤹��˺�ʱ�����˺�����80%
